store,plusminus
1,-6189.689872082323
5,-1723.53005403094
4,-1010.5502809248865
2,1467.9294817652553
3,4210.1597217433155
